ALABAMA,AL,MONTGOMERY,YELLOWHAMMER,HEARTOFDIXIE,CAMELLIA,THEYELLOWHAMMER,THEHEARTOFDIXIE,THECAMELLIA,THEYELLOWHAMMERSTATE,THEHEARTOFDIXIESTATE,THECAMELLIASTATE,YELLOWHAMMERSTATE,HEARTOFDIXIESTATE,CAMELLIASTATE
ALASKA,AK,JUNEAU,THELASTFRONTIER,LASTFRONTIER,THETHELASTFRONTIER,THELASTFRONTIER,THETHELASTFRONTIERSTATE,THELASTFRONTIERSTATE,THELASTFRONTIERSTATE,LASTFRONTIERSTATE
ARIZONA,AZ,PHOENIX,GRANDCANYON,COPPER,THEGRANDCANYON,THECOPPER,THEGRANDCANYONSTATE,THECOPPERSTATE,GRANDCANYONSTATE,COPPERSTATE
ARKANSAS,AR,LITTLEROCK,THENATURAL,NATURAL,LANDOFOPPORTUNITY,THERAZORBACK,RAZORBACK,THETHENATURAL,THENATURAL,THELANDOFOPPORTUNITY,THETHERAZORBACK,THERAZORBACK,THETHENATURALSTATE,THENATURALSTATE,THELANDOFOPPORTUNITYSTATE,THETHERAZORBACKSTATE,THERAZORBACKSTATE,THENATURALSTATE,NATURALSTATE,LANDOFOPPORTUNITYSTATE,THERAZORBACKSTATE
CALIFORNIA,CA,SACRAMENTO,GOLDEN,THEGOLDEN,THEGOLDENSTATE,GOLDENSTATE
COLORADO,CO,DENVER,CENTENNIAL,COLORFULCOLORADO,THECENTENNIAL,THECOLORFULCOLORADO,THECENTENNIALSTATE,THECOLORFULCOLORADOSTATE,CENTENNIALSTATE,COLORFULCOLORADOSTATE
CONNECTICUT,CT,HARTFORD,CONSTITUTION,NUTMEG,THECONSTITUTION,THENUTMEG,THECONSTITUTIONSTATE,THENUTMEGSTATE,CONSTITUTIONSTATE,NUTMEGSTATE
DELAWARE,DE,DOVER,FIRST,DIAMOND,BLUEHEN,SMALLWONDER,THEFIRST,THEDIAMOND,THEBLUEHEN,THESMALLWONDER,THEFIRSTSTATE,THEDIAMONDSTATE,THEBLUEHENSTATE,THESMALLWONDERSTATE,FIRSTSTATE,DIAMONDSTATE,BLUEHENSTATE,SMALLWONDERSTATE
FLORIDA,FL,TALLAHASSEE,SUNSHINE,THESUNSHINE,THESUNSHINESTATE,SUNSHINESTATE
GEORGIA,GA,ATLANTA,PEACH,EMPIREOFTHESOUTH,GOOBER,THEPEACH,THEEMPIREOFTHESOUTH,THEGOOBER,THEPEACHSTATE,THEEMPIREOFTHESOUTHSTATE,THEGOOBERSTATE,PEACHSTATE,EMPIREOFTHESOUTHSTATE,GOOBERSTATE
HAWAII,HI,HONOLULU,ALOHA,PINEAPPLE,THEALOHA,THEPINEAPPLE,THEALOHASTATE,THEPINEAPPLESTATE,ALOHASTATE,PINEAPPLESTATE
IDAHO,ID,BOISE,GEM,SPUD,THEGEM,THESPUD,THEGEMSTATE,THESPUDSTATE,GEMSTATE,SPUDSTATE
ILLINOIS,IL,SPRINGFIELD,PRAIRIE,LANDOFLINCOLN,THEPRAIRIE,THELANDOFLINCOLN,THEPRAIRIESTATE,THELANDOFLINCOLNSTATE,PRAIRIESTATE,LANDOFLINCOLNSTATE
INDIANA,IN,INDIANAPOLIS,HOOSIER,THEHOOSIER,THEHOOSIERSTATE,HOOSIERSTATE
IOWA,IA,DESMOINES,HAWKEYE,THEHAWKEYE,THEHAWKEYESTATE,HAWKEYESTATE
KANSAS,KS,TOPEKA,SUNFLOWER,SALTOFTHEEARTH,THESUNFLOWER,THESALTOFTHEEARTH,THESUNFLOWERSTATE,THESALTOFTHEEARTHSTATE,SUNFLOWERSTATE,SALTOFTHEEARTHSTATE
KENTUCKY,KY,FRANKFORT,BLUEGRASS,THEBLUEGRASS,THEBLUEGRASSSTATE,BLUEGRASSSTATE
LOUISIANA,LA,BATONROUGE,PELICAN,SUGAR,THEPELICAN,THESUGAR,THEPELICANSTATE,THESUGARSTATE,PELICANSTATE,SUGARSTATE
MAINE,ME,AUGUSTA,PINETREE,THEPINETREE,THEPINETREESTATE,PINETREESTATE
MARYLAND,MD,ANNAPOLIS,OLDLINE,FREE,THEOLDLINE,THEFREE,THEOLDLINESTATE,THEFREESTATE,OLDLINESTATE,FREESTATE
MASSACHUSETTS,MA,BOSTON,BAY,OLDCOLONY,THEBAY,THEOLDCOLONY,THEBAYSTATE,THEOLDCOLONYSTATE,BAYSTATE,OLDCOLONYSTATE
MICHIGAN,MI,LANSING,GREATLAKES,WOLVERINE,THEGREATLAKES,THEWOLVERINE,THEGREATLAKESSTATE,THEWOLVERINESTATE,GREATLAKESSTATE,WOLVERINESTATE
MINNESOTA,MN,STPAUL,NORTHSTAR,GOPHER,LANDOF10000LAKES,BREADANDBUTTER,THENORTHSTAR,THEGOPHER,THELANDOF10000LAKES,THEBREADANDBUTTER,THENORTHSTARSTATE,THEGOPHERSTATE,THELANDOF10000LAKESSTATE,THEBREADANDBUTTERSTATE,NORTHSTARSTATE,GOPHERSTATE,LANDOF10000LAKESSTATE,BREADANDBUTTERSTATE
MISSISSIPPI,MS,JACKSON,MAGNOLIA,THEMAGNOLIA,THEMAGNOLIASTATE,MAGNOLIASTATE
MISSOURI,MO,JEFFERSONCITY,SHOWME,THESHOWME,THESHOWMESTATE,SHOWMESTATE
MONTANA,MT,HELENA,TREASURE,BIGSKY,THETREASURE,THEBIGSKY,THETREASURESTATE,THEBIGSKYSTATE,TREASURESTATE,BIGSKYSTATE
NEBRASKA,NE,LINCOLN,CORNHUSKER,THECORNHUSKER,THECORNHUSKERSTATE,CORNHUSKERSTATE
NEVADA,NV,CARSONCITY,SILVER,BATTLEBORN,SAGEBRUSH,THESILVER,THEBATTLEBORN,THESAGEBRUSH,THESILVERSTATE,THEBATTLEBORNSTATE,THESAGEBRUSHSTATE,SILVERSTATE,BATTLEBORNSTATE,SAGEBRUSHSTATE
NEWHAMPSHIRE,NH,CONCORD,GRANITE,THEGRANITE,THEGRANITESTATE,GRANITESTATE
NEWJERSEY,NJ,TRENTON,GARDEN,THEGARDEN,THEGARDENSTATE,GARDENSTATE
NEWMEXICO,NM,SANTAFE,LANDOFENCHANTMENT,THELANDOFENCHANTMENT,THELANDOFENCHANTMENTSTATE,LANDOFENCHANTMENTSTATE
NEWYORK,NY,ALBANY,EMPIRE,THEEMPIRE,THEEMPIRESTATE,EMPIRESTATE
NORTHCAROLINA,NC,RALEIGH,TARHEEL,OLDNORTH,THETARHEEL,THEOLDNORTH,THETARHEELSTATE,THEOLDNORTHSTATE,TARHEELSTATE,OLDNORTHSTATE
NORTHDAKOTA,ND,BISMARCK,PEACEGARDEN,FLICKERTAIL,ROUGHRIDER,THEPEACEGARDEN,THEFLICKERTAIL,THEROUGHRIDER,THEPEACEGARDENSTATE,THEFLICKERTAILSTATE,THEROUGHRIDERSTATE,PEACEGARDENSTATE,FLICKERTAILSTATE,ROUGHRIDERSTATE
OHIO,OH,COLUMBUS,BUCKEYE,MODERNMOTHEROFPRESIDENTS,THEBUCKEYE,THEMODERNMOTHEROFPRESIDENTS,THEBUCKEYESTATE,THEMODERNMOTHEROFPRESIDENTSSTATE,BUCKEYESTATE,MODERNMOTHEROFPRESIDENTSSTATE
OKLAHOMA,OK,OKLAHOMACITY,SOONER,THESOONER,THESOONERSTATE,SOONERSTATE
OREGON,OR,SALEM,BEAVER,THEBEAVER,THEBEAVERSTATE,BEAVERSTATE
PENNSYLVANIA,PA,HARRISBURG,KEYSTONE,QUAKER,THEKEYSTONE,THEQUAKER,THEKEYSTONESTATE,THEQUAKERSTATE,KEYSTONESTATE,QUAKERSTATE
RHODEISLAND,RI,PROVIDENCE,OCEAN,LITTLERHODY,THEOCEAN,THELITTLERHODY,THEOCEANSTATE,THELITTLERHODYSTATE,OCEANSTATE,LITTLERHODYSTATE
SOUTHCAROLINA,SC,COLUMBIA,PALMETTO,THEPALMETTO,THEPALMETTOSTATE,PALMETTOSTATE
SOUTHDAKOTA,SD,PIERRE,COYOTE,MOUNTRUSHMORE,THECOYOTE,THEMOUNTRUSHMORE,THECOYOTESTATE,THEMOUNTRUSHMORESTATE,COYOTESTATE,MOUNTRUSHMORESTATE
TENNESSEE,TN,NASHVILLE,VOLUNTEER,BIGBEND,THEVOLUNTEER,THEBIGBEND,THEVOLUNTEERSTATE,THEBIGBENDSTATE,VOLUNTEERSTATE,BIGBENDSTATE
TEXAS,TX,AUSTIN,LONESTAR,THELONESTAR,THELONESTARSTATE,LONESTARSTATE
UTAH,UT,SALTLAKECITY,BEEHIVE,THEBEEHIVE,THEBEEHIVESTATE,BEEHIVESTATE
VERMONT,VT,MONTPELIER,GREENMOUNTAIN,THEGREENMOUNTAIN,THEGREENMOUNTAINSTATE,GREENMOUNTAINSTATE
VIRGINIA,VA,RICHMOND,OLDDOMINION,THEOLDDOMINION,THEOLDDOMINIONSTATE,OLDDOMINIONSTATE
WASHINGTON,WA,OLYMPIA,EVERGREEN,CHINOOK,THEEVERGREEN,THECHINOOK,THEEVERGREENSTATE,THECHINOOKSTATE,EVERGREENSTATE,CHINOOKSTATE
WESTVIRGINIA,WV,CHARLESTON,MOUNTAIN,THEMOUNTAIN,THEMOUNTAINSTATE,MOUNTAINSTATE
WISCONSIN,WI,MADISON,BADGER,THEBADGER,THEBADGERSTATE,BADGERSTATE
WYOMING,WY,CHEYENNE,EQUALITY,COWBOYSTATE,THEEQUALITY,THECOWBOYSTATE,THEEQUALITYSTATE,THECOWBOYSTATESTATE,EQUALITYSTATE,COWBOYSTATESTATE
